Workday Given Id,Employee Name
Ftrkc16,16 Fast Track C
Ftrkc17,17 Fast Track C
Ftrkc18,18 Fast Track C
Ftrkc19,19 Fast Track C
Ftrkc20,20 Fast Track C
Ftrkc21,21 Fast Track C
Ftrkc22,22 Fast Track C
Ftrkc23,23 Fast Track C
Ftrkc24,24 Fast Track C
Ftrkc25,25 Fast Track C
Ftrkc26,26 Fast Track C
Ftrkc27,27 Fast Track C
Ftrkc28,28 Fast Track C
Ftrkc29,29 Fast Track C
Ftrkc30,30 Fast Track C
Ftrkc31,31 Fast Track C
Ftrkc32,32 Fast Track C
Ftrkc33,33 Fast Track C
Ftrkc34,34 Fast Track C
Ftrkc35,35 Fast Track C
Ftrkc36,36 Fast Track C
Ftrkc37,37 Fast Track C
Ftrkc38,38 Fast Track C
Ftrkc39,39 Fast Track C
Ftrkc40,40 Fast Track C
Ftrkc41,41 Fast Track C
Ftrkc42,42 Fast Track C
Ftrkc43,43 Fast Track C
Ftrkc44,44 Fast Track C
Ftrkc45,45 Fast Track C
Ftrkc46,46 Fast Track C
Ftrkc47,47 Fast Track C
Ftrkc48,48 Fast Track C
Ftrkc49,49 Fast Track C
Ftrkc50,50 Fast Track C
Ftrkc51,51 Fast Track C
Ftrkc52,52 Fast Track C
Ftrkc53,53 Fast Track C
Ftrkc54,54 Fast Track C
Ftrkc55,55 Fast Track C
Ftrkc56,56 Fast Track C
Ftrkc57,57 Fast Track C
Ftrkc58,58 Fast Track C
Ftrkc59,59 Fast Track C
Ftrkc60,60 Fast Track C
Ftrkc61,61 Fast Track C
Ftrkc62,62 Fast Track C
Ftrkc63,63 Fast Track C
Ftrkc64,64 Fast Track C
Ftrkc65,65 Fast Track C
Ftrkc66,66 Fast Track C
Ftrkc67,67 Fast Track C
Ftrkc68,68 Fast Track C
Ftrkc69,69 Fast Track C
Ftrkc70,70 Fast Track C
Ftrkc71,71 Fast Track C
Ftrkc72,72 Fast Track C
Ftrkc73,73 Fast Track C
Ftrkc74,74 Fast Track C
Ftrkc75,75 Fast Track C
Ftrkc76,76 Fast Track C
Ftrkc77,77 Fast Track C
Ftrkc78,78 Fast Track C
Ftrkc79,79 Fast Track C
Ftrkc80,80 Fast Track C
Ftrkc81,81 Fast Track C
Ftrkc82,82 Fast Track C
Ftrkc83,83 Fast Track C
Ftrkc84,84 Fast Track C
Ftrkc85,85 Fast Track C
Ftrkc86,86 Fast Track C
Ftrkc87,87 Fast Track C
Ftrkc88,88 Fast Track C
Ftrkc89,89 Fast Track C
Ftrkc90,90 Fast Track C
